name,product_url,image_url,size,ean,sku,rrp
"Calpol SixPlus Sugar Free Suspension, Paracetamol Medication, 6+ Years, Strawberry Flavour, 80ml",https://www.deebee.co.uk/product/id/623338/barcode/3574660435221/calpol-sixplus-sugar-free-suspension-paracetamol-medication-6-years-strawberry-flavour-80ml,https://www.dbstatic.co.uk/assets/products/small/357466/3574660435221.jpg,6 x 80ML,3574660435221,623338,£4.99
Rennie 24 Spearmint Chewable Tablets,https://www.deebee.co.uk/product/id/834556/barcode/5010605400490/rennie-24-spearmint-chewable-tablets,https://www.dbstatic.co.uk/assets/products/small/501060/5010605400490.jpg,12 x 24S,5010605400490,834556,£3.59
"Calpol Sugar Free Infant Suspension, Paracetamol Medication, 2+ Months, Strawberry Flavour, 100ml",https://www.deebee.co.uk/product/id/262712/barcode/5010123722708/calpol-sugar-free-infant-suspension-paracetamol-medication-2-months-strawberry-flavour-100ml,https://www.dbstatic.co.uk/assets/products/small/501012/5010123722708.jpg,6 x 100ML,5010123722708,262712,£4.79
Gaviscon Double Action Mint Flavour 12 Chewable Tablets,https://www.deebee.co.uk/product/id/872211/barcode/5000158071377/gaviscon-double-action-mint-flavour-12-chewable-tablets,https://www.dbstatic.co.uk/assets/products/small/500015/5000158071377.jpg,12 x 12S,5000158071377,872211,£3.79
Aspar Ibucalm 200 mg Tablets 16 Film Coated Tablets,https://www.deebee.co.uk/product/id/324037/barcode/5024071270334/aspar-ibucalm-200-mg-tablets-16-film-coated-tablets,https://www.dbstatic.co.uk/assets/products/small/502407/5024071270334.jpg,12 x 16S,5024071270334,324037,£0.79
Rennie Peppermint 24 Chewable Tablets,https://www.deebee.co.uk/product/id/834540/barcode/5010605400483/rennie-peppermint-24-chewable-tablets,https://www.dbstatic.co.uk/assets/products/small/501060/5010605400483.jpg,12 x 24S,5010605400483,834540,£3.59
Nurofen Express Pain Relief 200mg Liquid Capsules x10,https://www.deebee.co.uk/product/id/859065/barcode/5000158100701/nurofen-express-pain-relief-200mg-liquid-capsules-x10,https://www.dbstatic.co.uk/assets/products/small/500015/5000158100701.jpg,12 x 10S,5000158100701,859065,£3.99
Galpharm Paracetamol 500mg Tablets 16 Tablets,https://www.deebee.co.uk/product/id/890025/barcode/5017353504760/galpharm-paracetamol-500mg-tablets-16-tablets,https://www.dbstatic.co.uk/assets/products/small/501735/5017353504760.jpg,12 x 16S,5017353504760,890025,£0.59
Lemsip Max Cold & Flu Lemon 5 Sachets,https://www.deebee.co.uk/product/id/656338/barcode/5000158063945/lemsip-max-cold-flu-lemon-5-sachets,https://www.dbstatic.co.uk/assets/products/small/500015/5000158063945.jpg,6 x 5S,5000158063945,656338,£4.69
Flamingo Paracetamol 500mg 16 Tablets,https://www.deebee.co.uk/product/id/889999/barcode/5060464503184/flamingo-paracetamol-500mg-16-tablets,https://www.dbstatic.co.uk/assets/products/small/506046/5060464503184.jpg,6 x 16S,5060464503184,889999,£0.79
"Clearblue Pregnancy Test, Fast & Easy, 2",https://www.deebee.co.uk/product/id/758849/barcode/4084500422780/clearblue-pregnancy-test-fast-easy-2,https://www.dbstatic.co.uk/assets/products/small/408450/4084500422780.jpg,6 x 1S,4084500422780,758849,£5.79
Imodium Instants for on the go Diarrhoea Relief 6 Tablets,https://www.deebee.co.uk/product/id/373788/barcode/5027097407319/imodium-instants-for-on-the-go-diarrhoea-relief-6-tablets,https://www.dbstatic.co.uk/assets/products/small/502709/5027097407319.jpg,6 x 6S,5027097407319,373788,£5.29
Anadin Painkiller Caplets Extra 8s,https://www.deebee.co.uk/product/id/653762/barcode/5000309007682/anadin-painkiller-caplets-extra-8s,https://www.dbstatic.co.uk/assets/products/small/500030/5000309007682.jpg,12 x 8S,5000309007682,653762,£2.69
Sudafed Blocked Nose Spray 15ml,https://www.deebee.co.uk/product/id/758435/barcode/3574660534887/sudafed-blocked-nose-spray-15ml,https://www.dbstatic.co.uk/assets/products/small/357466/3574660534887.jpg,5 x 15ML,3574660534887,758435,£4.69
Imodium Original Loperamide Hydrochloride 2mg 6 Capsules,https://www.deebee.co.uk/product/id/545820/barcode/5027097901176/imodium-original-loperamide-hydrochloride-2mg-6-capsules,https://www.dbstatic.co.uk/assets/products/small/502709/5027097901176.jpg,6 x 6S,5027097901176,545820,£3.99
Lemsip Max Day & Night Cold & Flu Relief Capsules 16 Capsules,https://www.deebee.co.uk/product/id/859059/barcode/5000158065420/lemsip-max-day-night-cold-flu-relief-capsules-16-capsules,https://www.dbstatic.co.uk/assets/products/small/500015/5000158065420.jpg,6 x 16S,5000158065420,859059,£5.99
"Piriteze Hayfever & Allergy Antihistamine Tablets, 7s",https://www.deebee.co.uk/product/id/879480/barcode/5054563060471/piriteze-hayfever-allergy-antihistamine-tablets-7s,https://www.dbstatic.co.uk/assets/products/small/505456/5054563060471.jpg,6 x 7S,5054563060471,879480,£4.99
Strepsils Honey & Lemon Lozenges x16 for Sore Throat,https://www.deebee.co.uk/product/id/880340/barcode/5000158100510/strepsils-honey-lemon-lozenges-x16-for-sore-throat,https://www.dbstatic.co.uk/assets/products/small/500015/5000158100510.jpg,12 x 16S,5000158100510,880340,£3.79
Benylin Chesty Coughs Non-Drowsy 150ml,https://www.deebee.co.uk/product/id/759709/barcode/5010123727703/benylin-chesty-coughs-non-drowsy-150ml,https://www.dbstatic.co.uk/assets/products/small/501012/5010123727703.jpg,6 x 150ML,5010123727703,759709,£5.99
Nurofen for Children Strawberry Oral Suspension 3mths to 9yrs Ibuprofen 100ml,https://www.deebee.co.uk/product/id/759694/barcode/5000158100589/nurofen-for-children-strawberry-oral-suspension-3mths-to-9yrs-ibuprofen-100ml,https://www.dbstatic.co.uk/assets/products/small/500015/5000158100589.jpg,6 x 100ML,5000158100589,759694,£4.69
Covonia Dry & Tickly Cough Linctus 150ml,https://www.deebee.co.uk/product/id/861523/barcode/5011309013719/covonia-dry-tickly-cough-linctus-150ml,https://www.dbstatic.co.uk/assets/products/small/501130/5011309013719.jpg,6 x 150ML,5011309013719,861523,£5.69
Vicks Inhaler Nasal Stick,https://www.deebee.co.uk/product/id/310172/barcode/8006540616048/vicks-inhaler-nasal-stick,https://www.dbstatic.co.uk/assets/products/small/800654/8006540616048.jpg,12 x 0.5ML,8006540616048,310172,£2.89
"Bonjela Adult Ulcer Sugar Free Gel, 15g",https://www.deebee.co.uk/product/id/854306/barcode/5000158062139/bonjela-adult-ulcer-sugar-free-gel-15g,https://www.dbstatic.co.uk/assets/products/small/500015/5000158062139.jpg,12 x 15GM,5000158062139,854306,£5.99
Benylin Mucus Cough Max Honey & Lemon Flavour 100 mg/5 ml Syrup 150ml,https://www.deebee.co.uk/product/id/840130/barcode/3574661353357/benylin-mucus-cough-max-honey-lemon-flavour-100-mg5-ml-syrup-150ml,https://www.dbstatic.co.uk/assets/products/small/357466/3574661353357.jpg,6 x 150ML,3574661353357,840130,£6.49
Durex 6 Regular Fit Originals Extra Safe Condoms,https://www.deebee.co.uk/product/id/514620/barcode/5052197025958/durex-6-regular-fit-originals-extra-safe-condoms,https://www.dbstatic.co.uk/assets/products/small/505219/5052197025958.jpg,6 x 6PK,5052197025958,514620,£5.09
Galpharm One-a-Day Allergy and Hayfever Relief 10mg Tablets 14 Tablets,https://www.deebee.co.uk/product/id/880840/barcode/5017353505231/galpharm-one-a-day-allergy-and-hayfever-relief-10mg-tablets-14-tablets,https://www.dbstatic.co.uk/assets/products/small/501735/5017353505231.jpg,10 x 14S,5017353505231,880840,£1.19
Galpharm Flu-Max All-In-One Chesty Cough & Cold Tablets 16 Tablets,https://www.deebee.co.uk/product/id/683970/barcode/5017353505286/galpharm-flu-max-all-in-one-chesty-cough-cold-tablets-16-tablets,https://www.dbstatic.co.uk/assets/products/small/501735/5017353505286.jpg,10 x 16S,5017353505286,683970,£1.79
Nuromol Dual Action Pain Relief 200mg/500mg 16 Tablets,https://www.deebee.co.uk/product/id/859109/barcode/5011417583227/nuromol-dual-action-pain-relief-200mg500mg-16-tablets,https://www.dbstatic.co.uk/assets/products/small/501141/5011417583227.jpg,6 x 16S,5011417583227,859109,£4.99
Vicks VapoRub relief of cough cold & flu like symptoms Jar 50g,https://www.deebee.co.uk/product/id/258368/barcode/5011321365353/vicks-vaporub-relief-of-cough-cold-flu-like-symptoms-jar-50g,https://www.dbstatic.co.uk/assets/products/small/501132/5011321365353.jpg,6 x 50GM,5011321365353,258368,£4.29
Anadin Painkiller Caplets Extra 16s,https://www.deebee.co.uk/product/id/859121/barcode/5000309007668/anadin-painkiller-caplets-extra-16s,https://www.dbstatic.co.uk/assets/products/small/500030/5000309007668.jpg,12 x 16S,5000309007668,859121,£3.49
Nurofen Cold & Flu Relief 200mg/5mg Tablets 8 Tablets,https://www.deebee.co.uk/product/id/859088/barcode/5000158104303/nurofen-cold-flu-relief-200mg5mg-tablets-8-tablets,https://www.dbstatic.co.uk/assets/products/small/500015/5000158104303.jpg,12 x 8S,5000158104303,859088,£3.19
Pro Plus Caffeine 24 Tablets,https://www.deebee.co.uk/product/id/482148/barcode/5000477723230/pro-plus-caffeine-24-tablets,https://www.dbstatic.co.uk/assets/products/small/500047/5000477723230.jpg,8 x 24S,5000477723230,482148,£3.35
Alka-Seltzer Original Aspirin 10 Effervescent Tablets,https://www.deebee.co.uk/product/id/880856/barcode/5010605402814/alka-seltzer-original-aspirin-10-effervescent-tablets,https://www.dbstatic.co.uk/assets/products/small/501060/5010605402814.jpg,10 x 10S,5010605402814,880856,£3.29
Otrivine Blocked Nose Relief Nasal Spray Adult Metered Dose 0.1% 10ml,https://www.deebee.co.uk/product/id/859144/barcode/5051562019608/otrivine-blocked-nose-relief-nasal-spray-adult-metered-dose-01-10ml,https://www.dbstatic.co.uk/assets/products/small/505156/5051562019608.jpg,10 x 10ML,5051562019608,859144,£4.79
Covonia Chesty Cough Mixture Mentholated 150ml,https://www.deebee.co.uk/product/id/861530/barcode/5011309019117/covonia-chesty-cough-mixture-mentholated-150ml,https://www.dbstatic.co.uk/assets/products/small/501130/5011309019117.jpg,6 x 150ML,5011309019117,861530,£5.69
Deep Heat Heat Rub 35g,https://www.deebee.co.uk/product/id/740819/barcode/5011501040018/deep-heat-heat-rub-35g,https://www.dbstatic.co.uk/assets/products/small/501150/5011501040018.jpg,6 x 35GM,5011501040018,740819,£2.99
Benadryl Allergy Relief 12 Capsules,https://www.deebee.co.uk/product/id/633478/barcode/5010123722463/benadryl-allergy-relief-12-capsules,https://www.dbstatic.co.uk/assets/products/small/501012/5010123722463.jpg,6 x 12S,5010123722463,633478,£5.49
Lemsip Max Cold & Flu 16 Capsules,https://www.deebee.co.uk/product/id/433670/barcode/5000158064089/lemsip-max-cold-flu-16-capsules,https://www.dbstatic.co.uk/assets/products/small/500015/5000158064089.jpg,6 x 16S,5000158064089,433670,£4.99
Strepsils Original Lozenges x16 for Sore Throat,https://www.deebee.co.uk/product/id/738134/barcode/5000158100541/strepsils-original-lozenges-x16-for-sore-throat,https://www.dbstatic.co.uk/assets/products/small/500015/5000158100541.jpg,12 x 16S,5000158100541,738134,£3.69
Sudafed Congestion & Headache Relief Max Strength Capsules 16 Capsules,https://www.deebee.co.uk/product/id/759715/barcode/3574661162232/sudafed-congestion-headache-relief-max-strength-capsules-16-capsules,https://www.dbstatic.co.uk/assets/products/small/357466/3574661162232.jpg,6 x 16S,3574661162232,759715,£4.79
Anadin Paracetamol Pain Relief Tablets 16s,https://www.deebee.co.uk/product/id/787580/barcode/5000309007774/anadin-paracetamol-pain-relief-tablets-16s,https://www.dbstatic.co.uk/assets/products/small/500030/5000309007774.jpg,12 x 16S,5000309007774,787580,£1.79
Anadin Painkiller Caplets Extra 12s,https://www.deebee.co.uk/product/id/630867/barcode/5000309007651/anadin-painkiller-caplets-extra-12s,https://www.dbstatic.co.uk/assets/products/small/500030/5000309007651.jpg,12 x 12S,5000309007651,630867,£3.55
Benylin Children's Dry Cough & Sore Throat Syrup 1+ Year 125ml,https://www.deebee.co.uk/product/id/842055/barcode/3574661237008/benylin-childrens-dry-cough-sore-throat-syrup-1-year-125ml,https://www.dbstatic.co.uk/assets/products/small/357466/3574661237008.jpg,6 x 125ML,3574661237008,842055,£4.99
Durex Thin Feel 6 Condoms,https://www.deebee.co.uk/product/id/516263/barcode/5052197025989/durex-thin-feel-6-condoms,https://www.dbstatic.co.uk/assets/products/small/505219/5052197025989.jpg,6 x 6PK,5052197025989,516263,£4.99
Calpol Sugar Free Infant Suspension Sachets Strawberry Flavour 2+ Months 12 x 5ml,https://www.deebee.co.uk/product/id/845766/barcode/5010123719982/calpol_sugar_free_infant_suspension_sachets_strawberry_flavour_2_months_12_x_5ml,https://www.dbstatic.co.uk/assets/products/small/501012/5010123719982.jpg,6 x 12S,5010123719982,845766,£4.99
Strepsils Extra Triple Action Blackcurrant Lozenges 24 Lozenges,https://www.deebee.co.uk/product/id/880334/barcode/5000158106185/strepsils-extra-triple-action-blackcurrant-lozenges-24-lozenges,https://www.dbstatic.co.uk/assets/products/small/500015/5000158106185.jpg,12 x 24S,5000158106185,880334,£5.89
"Beechams All in One Liquid, Cold and Flu Relief with Paracetamol, 160 ml",https://www.deebee.co.uk/product/id/283948/barcode/5000347061837/beechams_all_in_one_liquid_cold_and_flu_relief_with_paracetamol_160_ml,https://www.dbstatic.co.uk/assets/products/small/500034/5000347061837.jpg,6 x 160ML,5000347061837,283948,£5.49
"Panadol Advance Painkillers, 500mg Paracetamol Tablets, 16s",https://www.deebee.co.uk/product/id/880328/barcode/5054563125491/panadol-advance-painkillers-500mg-paracetamol-tablets-16s,https://www.dbstatic.co.uk/assets/default/default_sm.jpg,12 x 16S,5054563125491,880328,£2.29
"Beechams All in One Tablets, Cold and Flu Relief with Paracetamol, 16s",https://www.deebee.co.uk/product/id/672783/barcode/5000347087844/beechams-all-in-one-tablets-cold-and-flu-relief-with-paracetamol-16s,https://www.dbstatic.co.uk/assets/products/small/500034/5000347087844.jpg,6 x 16S,5000347087844,672783,£5.00
Benylin Dry & Tickly Cough Syrup 150ml,https://www.deebee.co.uk/product/id/758429/barcode/3574661370194/benylin-dry-tickly-cough-syrup-150ml,https://www.dbstatic.co.uk/assets/products/small/357466/3574661370194.jpg,6 x 150ML,3574661370194,758429,£5.99
Galpharm Hayfever and Allergy Relief 14 Tablets,https://www.deebee.co.uk/product/id/880833/barcode/5017353503558/galpharm-hayfever-and-allergy-relief-14-tablets,https://www.dbstatic.co.uk/assets/products/small/501735/5017353503558.jpg,10 x 14S,5017353503558,880833,£1.19
Beechams Max Strength All in One Cold and Flu Capsules 16s,https://www.deebee.co.uk/product/id/859150/barcode/5054563060730/beechams-max-strength-all-in-one-cold-and-flu-capsules-16s,https://www.dbstatic.co.uk/assets/products/small/505456/5054563060730.jpg,6 x 16S,5054563060730,859150,£5.99
White Cotton Wool Balls,https://www.deebee.co.uk/product/id/858080/barcode/5053249257679/white-cotton-wool-balls,https://www.dbstatic.co.uk/assets/default/default_sm.jpg,24 x 120S,5053249257679,858080,£1.50
Calpol Sixplus Sugar Free Suspension Strawberry Flavour 6+ Years 12 x 5ml,https://www.deebee.co.uk/product/id/140894/barcode/5010123731717/calpol-sixplus-sugar-free-suspension-strawberry-flavour-6-years-12-x-5ml,https://www.dbstatic.co.uk/assets/products/small/501012/5010123731717.jpg,6 x 12S,5010123731717,140894,£5.99
Galpharm Blocked Nose Relief 12.2mg Capsules 12 Capsules,https://www.deebee.co.uk/product/id/682921/barcode/5017353506078/galpharm-blocked-nose-relief-122mg-capsules-12-capsules,https://www.dbstatic.co.uk/assets/products/small/501735/5017353506078.jpg,10 x 12S,5017353506078,682921,£1.19
"Head & Shoulders Classic Clean 2in1 Anti Dandruff Shampoo 250ml, Refreshing Clean Scent",https://www.deebee.co.uk/product/id/868185/barcode/8700216301848/head-shoulders-classic-clean-2in1-anti-dandruff-shampoo-250ml-refreshing-clean-scent,https://www.dbstatic.co.uk/assets/products/small/870021/8700216301848.jpg,6 x 250ML,8700216301848,868185,£2.99
Enliven Ultra Hold Strong Hairspray 300ml,https://www.deebee.co.uk/product/id/311032/barcode/5055028381735/enliven-ultra-hold-strong-hairspray-300ml,https://www.dbstatic.co.uk/assets/products/small/505502/5055028381735.jpg,6 x 300ML,5055028381735,311032,£1.79
Wella Silvikrin Maximum Hold Hairspray 250ml,https://www.deebee.co.uk/product/id/453580/barcode/4056800781232/wella-silvikrin-maximum-hold-hairspray-250ml,https://www.dbstatic.co.uk/assets/products/small/405680/4056800781232.jpg,6 x 250ML,4056800781232,453580,£4.29
TRESemmé PRO Style Tech Rich Moisture Shampoo 300ml,https://www.deebee.co.uk/product/id/844405/barcode/5056267002900/tresemmé-pro-style-tech-rich-moisture-shampoo-300ml,https://www.dbstatic.co.uk/assets/products/small/505626/5056267002900.jpg,6 x 300ML,5056267002900,844405,£2.50
Alberto Balsam Coconut & Lychee Conditioner 350ml,https://www.deebee.co.uk/product/id/861190/barcode/8710908181283/alberto-balsam-coconut-lychee-conditioner-350ml,https://www.dbstatic.co.uk/assets/products/small/871090/8710908181283.jpg,6 x 350ML,8710908181283,861190,£1.20
Bristows 4 Extra Firm Hold Hairspray 400ml,https://www.deebee.co.uk/product/id/857973/barcode/5054805039821/bristows-4-extra-firm-hold-hairspray-400ml,https://www.dbstatic.co.uk/assets/products/small/505480/5054805039821.jpg,6 x 400ML,5054805039821,857973,£2.49
Wella Silvikrin Hairspray Firm Hold 250ml,https://www.deebee.co.uk/product/id/453573/barcode/4056800781263/wella-silvikrin-hairspray-firm-hold-250ml,https://www.dbstatic.co.uk/assets/products/small/405680/4056800781263.jpg,6 x 250ML,4056800781263,453573,£4.29
TRESemmé PRO Style Tech Replenish & Cleanse Shampoo 300ml,https://www.deebee.co.uk/product/id/844361/barcode/5056267002863/tresemmé-pro-style-tech-replenish-cleanse-shampoo-300ml,https://www.dbstatic.co.uk/assets/products/small/505626/5056267002863.jpg,6 x 300ML,5056267002863,844361,£2.50
Palmolive Antidandruff Shampoo PM1.25,https://www.deebee.co.uk/product/id/861149/barcode/5056267003976/palmolive-antidandruff-shampoo-pm125,https://www.dbstatic.co.uk/assets/default/default_sm.jpg,6 x 350ML,5056267003976,861149,£1.25
Bristows 3 Natural Hold Hairspray 400ml,https://www.deebee.co.uk/product/id/857950/barcode/5054805039807/bristows-3-natural-hold-hairspray-400ml,https://www.dbstatic.co.uk/assets/products/small/505480/5054805039807.jpg,6 x 400ML,5054805039807,857950,£2.49
Batiste Dry Shampoo Original Classic Fresh 200ml,https://www.deebee.co.uk/product/id/857400/barcode/5010724527481/batiste-dry-shampoo-original-classic-fresh-200ml,https://www.dbstatic.co.uk/assets/products/small/501072/5010724527481.jpg,6 x 200ML,5010724527481,857400,£3.99
Palmolive Aloe Vera Shampoo PM1.25,https://www.deebee.co.uk/product/id/861161/barcode/5056267003990/palmolive-aloe-vera-shampoo-pm125,https://www.dbstatic.co.uk/assets/default/default_sm.jpg,6 x 350ML,5056267003990,861161,£1.25
Enliven Hair Gel Blue PM1.29,https://www.deebee.co.uk/product/id/861552/barcode/5056267003747/enliven-hair-gel-blue-pm129,https://www.dbstatic.co.uk/assets/default/default_sm.jpg,6 x 250ML,5056267003747,861552,£1.29
Wash & Go 2 in 1 Shampoo & Conditioner Classic 200ml,https://www.deebee.co.uk/product/id/682337/barcode/8008970041698/wash-go-2-in-1-shampoo-conditioner-classic-200ml,https://www.dbstatic.co.uk/assets/products/small/800897/8008970041698.jpg,9 x 200ML,8008970041698,682337,£1.59
Bristows 2 Conditioning Hold Hairspray 400ml,https://www.deebee.co.uk/product/id/857967/barcode/5054805039814/bristows-2-conditioning-hold-hairspray-400ml,https://www.dbstatic.co.uk/assets/products/small/505480/5054805039814.jpg,6 x 400ML,5054805039814,857967,£2.49
Enliven Ultra Hold Hair Mousse 300ml,https://www.deebee.co.uk/product/id/311026/barcode/5055028381728/enliven-ultra-hold-hair-mousse-300ml,https://www.dbstatic.co.uk/assets/products/small/505502/5055028381728.jpg,6 x 300ML,5055028381728,311026,£1.79
VO5 Mega Hold Gel 200ml,https://www.deebee.co.uk/product/id/758464/barcode/5012254060070/vo5-mega-hold-gel-200ml,https://www.dbstatic.co.uk/assets/products/small/501225/5012254060070.jpg,6 x 200ML,5012254060070,758464,£4.49
Palmolive Colour Shampoo PM1.25,https://www.deebee.co.uk/product/id/861155/barcode/5056267003952/palmolive-colour-shampoo-pm125,https://www.dbstatic.co.uk/assets/default/default_sm.jpg,6 x 350ML,5056267003952,861155,£1.25
Alberto Balsam Ultra Strong Gel 200ml,https://www.deebee.co.uk/product/id/883546/barcode/5012254060230/alberto-balsam-ultra-strong-gel-200ml,https://www.dbstatic.co.uk/assets/products/small/501225/5012254060230_T0.jpg,6 x 200ML,5012254060230,883546,£1.49
Head & Shoulders Classic Clean Anti Dandruff Shampoo 250ml for Daily Use. Cleen Feeling,https://www.deebee.co.uk/product/id/448400/barcode/5410076229994/head_shoulders_classic_clean_anti_dandruff_shampoo_250ml_for_daily_use_cleen_feeling,https://www.dbstatic.co.uk/assets/products/small/541007/5410076229994.jpg,6 x 250ML,5410076229994,448400,£3.49
TRESemmé PRO Style Tech Replenish & Cleanse Conditioner 300ml,https://www.deebee.co.uk/product/id/844355/barcode/5056267002924/tresemmé-pro-style-tech-replenish-cleanse-conditioner-300ml,https://www.dbstatic.co.uk/assets/products/small/505626/5056267002924.jpg,6 x 300ML,5056267002924,844355,£2.50
Alberto Balsam Sunkissed Raspberry Shampoo 300ml,https://www.deebee.co.uk/product/id/905664/barcode/8720665000000/alberto-balsam-sunkissed-raspberry-shampoo-300ml,https://www.dbstatic.co.uk/assets/products/small/872066/8720665000000.jpg,6 x 300ML,8720665000000,905664,£1.20
Enliven Hair Gel Red PM1.29,https://www.deebee.co.uk/product/id/861546/barcode/5056267003761/enliven-hair-gel-red-pm129,https://www.dbstatic.co.uk/assets/default/default_sm.jpg,6 x 250ML,5056267003761,861546,£1.29
Bristows Tropical Fresh Dry Shampoo 200ml,https://www.deebee.co.uk/product/id/889629/barcode/5054805042067/bristows-tropical-fresh-dry-shampoo-200ml,https://www.dbstatic.co.uk/assets/products/small/505480/5054805042067.jpg,12 x 200ML,5054805042067,889629,£2.29
Brylcreem Protein Enriche Hair Cream 150ml,https://www.deebee.co.uk/product/id/438919/barcode/5000231039508/brylcreem-protein-enriche-hair-cream-150ml,https://www.dbstatic.co.uk/assets/products/small/500023/5000231039508.jpg,6 x 150ML,5000231039508,438919,£3.69
Alberto Balsam Wet Look Hair Gel 200ml,https://www.deebee.co.uk/product/id/883530/barcode/5012254060223/alberto-balsam-wet-look-hair-gel-200ml,https://www.dbstatic.co.uk/assets/products/small/501225/5012254060223_T0.jpg,6 x 200ML,5012254060223,883530,£1.49
VO5 Hair Putty Rework 150 ml,https://www.deebee.co.uk/product/id/758406/barcode/50398645/vo5-hair-putty-rework-150-ml,https://www.dbstatic.co.uk/assets/products/small/503986/50398645.jpg,6 x 150ML,50398645,758406,£4.49
Alberto Balsam Coconut & Lychee Shampoo 300ml,https://www.deebee.co.uk/product/id/905641/barcode/8720665000062/alberto-balsam-coconut-lychee-shampoo-300ml,https://www.dbstatic.co.uk/assets/products/small/872066/8720665000062.jpg,6 x 300ML,8720665000062,905641,£1.20
Alberto Balsam Sunkissed Raspberry Conditioner 300ml,https://www.deebee.co.uk/product/id/905658/barcode/8720665000017/alberto-balsam-sunkissed-raspberry-conditioner-300ml,https://www.dbstatic.co.uk/assets/products/small/872066/8720665000017.jpg,6 x 300ML,8720665000017,905658,£1.20
Wella Silvikrin Natural Hold Hairspray 250ml,https://www.deebee.co.uk/product/id/609602/barcode/4056800781294/wella-silvikrin-natural-hold-hairspray-250ml,https://www.dbstatic.co.uk/assets/products/small/405680/4056800781294.jpg,6 x 250ML,4056800781294,609602,£4.29
got2b Glued Blasting Freeze Hairspray 300ml,https://www.deebee.co.uk/product/id/864078/barcode/5012583105091/got2b-glued-blasting-freeze-hairspray-300ml,https://www.dbstatic.co.uk/assets/products/small/501258/5012583105091.jpg,6 x 300ML,5012583105091,864078,£5.49
TRESemme Shampoo Revitalise Colour 300 ml,https://www.deebee.co.uk/product/id/844384/barcode/8720182513755/tresemme-shampoo-revitalise-colour-300-ml,https://www.dbstatic.co.uk/assets/products/small/872018/8720182513755.jpg,6 x 300ML,8720182513755,844384,£2.50
Tresemme Moisture Rich Cond PM2.75,https://www.deebee.co.uk/product/id/905960/barcode/5056267008339/tresemme-moisture-rich-cond-pm275,https://www.dbstatic.co.uk/assets/default/default_sm.jpg,6 x 300ML,5056267008339,905960,£2.75
Tresemme Clean & Replenish Cond PM2.75,https://www.deebee.co.uk/product/id/905947/barcode/5056267008377/tresemme-clean-replenish-cond-pm275,https://www.dbstatic.co.uk/assets/default/default_sm.jpg,6 x 300ML,5056267008377,905947,£2.75
Tresemme Clean & Replenish Shampoo PM2.75,https://www.deebee.co.uk/product/id/905953/barcode/5056267008353/tresemme-clean-replenish-shampoo-pm275,https://www.dbstatic.co.uk/assets/default/default_sm.jpg,6 x 300ML,5056267008353,905953,£2.75
Tresemme Moisture Rich Shampoo PM2.75,https://www.deebee.co.uk/product/id/905976/barcode/5056267008315/tresemme-moisture-rich-shampoo-pm275,https://www.dbstatic.co.uk/assets/default/default_sm.jpg,6 x 300ML,5056267008315,905976,£2.75
Dove Beauty Bar Original 4x 90 g,https://www.deebee.co.uk/product/id/635329/barcode/800070000005/dove-beauty-bar-original-4x-90-g,https://www.dbstatic.co.uk/assets/products/small/800070/800070000005.jpg,12 x 90GM,800070000005,635329,£4.39
Carex Dermacare The Original Antibacterial Hand Wash 250ml,https://www.deebee.co.uk/product/id/833536/barcode/5000101508769/carex-dermacare-the-original-antibacterial-hand-wash-250ml,https://www.dbstatic.co.uk/assets/products/small/500010/5000101508769.jpg,6 x 250ML,5000101508769,833536,£1.49
Radox Mineral Therapy Bath Soak Muscle Soak 500 ml,https://www.deebee.co.uk/product/id/846820/barcode/8720181336928/radox-mineral-therapy-bath-soak-muscle-soak-500-ml,https://www.dbstatic.co.uk/assets/products/small/872018/8720181336928.jpg,6 x 500ML,8720181336928,846820,£1.75
Carex Aloe Vera Antibacterial Hand Wash 250ml,https://www.deebee.co.uk/product/id/833559/barcode/5000101511615/carex-aloe-vera-antibacterial-hand-wash-250ml,https://www.dbstatic.co.uk/assets/products/small/500010/5000101511615.jpg,6 x 250ML,5000101511615,833559,£1.49
Carex Moisture Antibacterial Hand Wash 250ml,https://www.deebee.co.uk/product/id/833542/barcode/5000101511639/carex-moisture-antibacterial-hand-wash-250ml,https://www.dbstatic.co.uk/assets/products/small/500010/5000101511639.jpg,6 x 250ML,5000101511639,833542,£1.49
Lynx Body Wash Africa 225 ml,https://www.deebee.co.uk/product/id/816368/barcode/8720181079160/lynx-body-wash-africa-225-ml,https://www.dbstatic.co.uk/assets/products/small/872018/8720181079160.jpg,6 x 225ML,8720181079160,816368,£2.39
Radox Mineral Therapy Shower Gel Feel Refreshed 225 ml,https://www.deebee.co.uk/product/id/852620/barcode/8720181336089/radox-mineral-therapy-shower-gel-feel-refreshed-225-ml,https://www.dbstatic.co.uk/assets/products/small/872018/8720181336089.jpg,6 x 225ML,8720181336089,852620,£1.25
Radox Muscle Therapy Bath PM1.75,https://www.deebee.co.uk/product/id/846836/barcode/8720181336942/radox-muscle-therapy-bath-pm175,https://www.dbstatic.co.uk/assets/products/small/872018/8720181336942_T0.jpg,6 x 500ML,8720181336942,846836,£1.75
Carex Original Shower Gel PM1.39,https://www.deebee.co.uk/product/id/863070/barcode/5056267004560/carex-original-shower-gel-pm139,https://www.dbstatic.co.uk/assets/products/small/505626/5056267004560_T0.jpg,6 x 500ML,5056267004560,863070,£1.39
Radox Mineral Therapy Body Wash Feel Awake 225 ml,https://www.deebee.co.uk/product/id/882079/barcode/8720181336041/radox-mineral-therapy-body-wash-feel-awake-225-ml,https://www.dbstatic.co.uk/assets/products/small/872018/8720181336041.jpg,6 x 225ML,8720181336041,882079,£1.25
Carex Cherry On Top Handwash PM1.49,https://www.deebee.co.uk/product/id/833638/barcode/5056267001569/carex-cherry-on-top-handwash-pm149,https://www.dbstatic.co.uk/assets/products/small/505626/5056267001569_T0.jpg,6 x 250ML,5056267001569,833638,£1.49
Palmolive Naturals Milk & Honey with Moisturising Milk Shower Cream 250ml,https://www.deebee.co.uk/product/id/762673/barcode/5056267001132/palmolive-naturals-milk-honey-with-moisturising-milk-shower-cream-250ml,https://www.dbstatic.co.uk/assets/products/small/505626/5056267001132.jpg,6 x 250ML,5056267001132,762673,£1.00
Radox Mineral Therapy Bath Soak Stress Relief 500 ml,https://www.deebee.co.uk/product/id/846842/barcode/8720181336935/radox-mineral-therapy-bath-soak-stress-relief-500-ml,https://www.dbstatic.co.uk/assets/products/small/872018/8720181336935.jpg,6 x 500ML,8720181336935,846842,£1.75
Lynx 3-in-1 Body Wash Ice Chill 225 ml,https://www.deebee.co.uk/product/id/816322/barcode/8720181079245/lynx-3-in-1-body-wash-ice-chill-225-ml,https://www.dbstatic.co.uk/assets/products/small/872018/8720181079245.jpg,6 x 225ML,8720181079245,816322,£2.39
Carex Moisture Shower Gel PM1.39,https://www.deebee.co.uk/product/id/863087/barcode/5056267004522/carex-moisture-shower-gel-pm139,https://www.dbstatic.co.uk/assets/products/small/505626/5056267004522_T0.jpg,6 x 500ML,5056267004522,863087,£1.39
Imperial Leather Soap Original PM1.29,https://www.deebee.co.uk/product/id/862940/barcode/5056267005314/imperial-leather-soap-original-pm129,https://www.dbstatic.co.uk/assets/default/default_sm.jpg,9 x 2PK,5056267005314,862940,£1.29
Palmolive Naturals Coconut Shower Cream 250ml PMP £1,https://www.deebee.co.uk/product/id/762667/barcode/5056267001156/palmolive-naturals-coconut-shower-cream-250ml-pmp-1,https://www.dbstatic.co.uk/assets/products/small/505626/5056267001156.jpg,6 x 250ML,5056267001156,762667,£1.00
Palmolive Naturals Moisture Care with Olive Bar Soap 3 x 90g,https://www.deebee.co.uk/product/id/623469/barcode/8714789698922/palmolive-naturals-moisture-care-with-olive-bar-soap-3-x-90g,https://www.dbstatic.co.uk/assets/products/small/871478/8714789698922.jpg,12 x 90GM,8714789698922,623469,£1.75
Simple Kind to Skin Moisturiser Hydrating Light 125 ml,https://www.deebee.co.uk/product/id/859042/barcode/5011451103931/simple-kind-to-skin-moisturiser-hydrating-light-125-ml,https://www.dbstatic.co.uk/assets/products/small/501145/5011451103931.jpg,6 x 125ML,5011451103931,859042,£4.49
Carex Sensitive Bath PM1.39,https://www.deebee.co.uk/product/id/863064/barcode/5056267004546/carex-sensitive-bath-pm139,https://www.dbstatic.co.uk/assets/products/small/505626/5056267004546_T0.jpg,6 x 500ML,5056267004546,863064,£1.39
Lynx Body Wash Black 225 ml,https://www.deebee.co.uk/product/id/816351/barcode/8720181079177/lynx-body-wash-black-225-ml,https://www.dbstatic.co.uk/assets/products/small/872018/8720181079177.jpg,6 x 225ML,8720181079177,816351,£2.39
Carex The Original Antibacterial Hand Wash 500ml,https://www.deebee.co.uk/product/id/767867/barcode/5000101655579/carex-the-original-antibacterial-hand-wash-500ml,https://www.dbstatic.co.uk/assets/products/small/500010/5000101655579.jpg,6 x 500ML,5000101655579,767867,£2.99
Lynx Body Wash Gold 225 ml,https://www.deebee.co.uk/product/id/816399/barcode/8720181079184/lynx-body-wash-gold-225-ml,https://www.dbstatic.co.uk/assets/products/small/872018/8720181079184.jpg,6 x 225ML,8720181079184,816399,£2.39
Lynx 3-in-1 Body Wash Jungle Fresh 225 ml,https://www.deebee.co.uk/product/id/877463/barcode/8720181442780/lynx-3-in-1-body-wash-jungle-fresh-225-ml,https://www.dbstatic.co.uk/assets/products/small/872018/8720181442780.jpg,6 x 225ML,8720181442780,877463,£2.39
Carex Love Heart Handwash PM1.49,https://www.deebee.co.uk/product/id/833644/barcode/5056267001583/carex-love-heart-handwash-pm149,https://www.dbstatic.co.uk/assets/products/small/505626/5056267001583_T0.jpg,6 x 250ML,5056267001583,833644,£1.49
Lynx Body Wash Excite 225 ml,https://www.deebee.co.uk/product/id/816345/barcode/8720181079153/lynx-body-wash-excite-225-ml,https://www.dbstatic.co.uk/assets/products/small/872018/8720181079153.jpg,6 x 225ML,8720181079153,816345,£2.39
Imperial Leather Relaxing Bath Soak Lavender & Wild Iris 500ml,https://www.deebee.co.uk/product/id/828950/barcode/5000101510939/imperial-leather-relaxing-bath-soak-lavender-wild-iris-500ml,https://www.dbstatic.co.uk/assets/products/small/500010/5000101510939.jpg,4 x 500ML,5000101510939,828950,£1.59
Original Source Tingly Mint & Tea Tree Shower 250ml,https://www.deebee.co.uk/product/id/862957/barcode/5000101511851/original-source-tingly-mint-tea-tree-shower-250ml,https://www.dbstatic.co.uk/assets/products/small/500010/5000101511851.jpg,6 x 250ML,5000101511851,862957,£1.49
Co-op Soap Pure Twin Pack,https://www.deebee.co.uk/product/id/797439/barcode/5000128678148/co-op-soap-pure-twin-pack,https://www.dbstatic.co.uk/assets/products/small/500012/5000128678148_T0.jpg,12 x 100GM,5000128678148,797439,£1.49
Dove Beauty Bar Original 100 g x 4,https://www.deebee.co.uk/product/id/640860/barcode/8000700000050/dove-beauty-bar-original-100-g-x-4,https://www.dbstatic.co.uk/assets/products/small/800070/8000700000050.jpg,1 x 100GM,8000700000050,640860,£3.99
Palmolive Naturals Moisture Care with Olive Bar Soap 3 x 90g,https://www.deebee.co.uk/product/id/451822/barcode/8714789698922/palmolive-naturals-moisture-care-with-olive-bar-soap-3-x-90g,https://www.dbstatic.co.uk/assets/products/small/871478/8714789698922.jpg,1 x 90GM,8714789698922,451822,£1.39
Andrex Complete Clean Toilet Tissues 4 Rolls PMP £2.99,https://www.deebee.co.uk/product/id/838640/barcode/5029053582986/andrex-complete-clean-toilet-tissues-4-rolls-pmp-299,https://www.dbstatic.co.uk/assets/products/small/502905/5029053582986.jpg,6 x 4ROLL,5029053582986,838640,£2.99
Andrex Complete clean Toilet Tissue 9 Roll £5.49 PMP,https://www.deebee.co.uk/product/id/821052/barcode/5029053581279/andrex-complete-clean-toilet-tissue-9-roll-549-pmp,https://www.dbstatic.co.uk/assets/products/small/502905/5029053581279.jpg,4 x 9ROLL,5029053581279,821052,£5.49
So Soft Toilet Tissue White 3ply,https://www.deebee.co.uk/product/id/700180/barcode/5060324600916/so-soft-toilet-tissue-white-3ply,https://www.dbstatic.co.uk/assets/products/small/506032/5060324600916.jpg,10 x 4ROLL,5060324600916,700180,£1.69
Local Living Soft Toilet Tissue PM1.29,https://www.deebee.co.uk/product/id/888014/barcode/5013668440649/local-living-soft-toilet-tissue-pm129,https://www.dbstatic.co.uk/assets/default/default_sm.jpg,10 x 4 ROLL,5013668440649,888014,£1.29
Andrex Ultimate Quilts Toilet Tissue 4 Rolls £2.99 PMP,https://www.deebee.co.uk/product/id/838663/barcode/5029053583013/andrex-ultimate-quilts-toilet-tissue-4-rolls-299-pmp,https://www.dbstatic.co.uk/assets/products/small/502905/5029053583013.jpg,6 x 4ROLL,5029053583013,838663,£2.99
Andrex Complete Clean Toilet Tissue 2 Roll PMP £1.79,https://www.deebee.co.uk/product/id/839704/barcode/5029053582979/andrex-complete-clean-toilet-tissue-2-roll-pmp-179,https://www.dbstatic.co.uk/assets/products/small/502905/5029053582979.jpg,12 x 2ROLL,5029053582979,839704,£1.79
Andrex Family Soft Toilet Tissue Standard 4 Rolls £2.99 PMP,https://www.deebee.co.uk/product/id/838657/barcode/5029053583006/andrex-family-soft-toilet-tissue-standard-4-rolls-299-pmp,https://www.dbstatic.co.uk/assets/products/small/502905/5029053583006.jpg,6 x 4ROLL,5029053583006,838657,£2.99
So Soft Toilet Roll White 3ply,https://www.deebee.co.uk/product/id/860004/barcode/5060324600886/so-soft-toilet-roll-white-3ply,https://www.dbstatic.co.uk/assets/products/small/506032/5060324600886_T0.jpg,6 x 9ROLL,5060324600886,860004,£4.35
Local Living Jumbo Kitchen Towel PM1.29,https://www.deebee.co.uk/product/id/888050/barcode/5013668440748/local-living-jumbo-kitchen-towel-pm129,https://www.dbstatic.co.uk/assets/default/default_sm.jpg,12 x 1 ROLL,5013668440748,888050,£1.29
Local Living Soft Toilet Tissue PM2.59,https://www.deebee.co.uk/product/id/888020/barcode/5013668440687/local-living-soft-toilet-tissue-pm259,https://www.dbstatic.co.uk/assets/default/default_sm.jpg,6 x 9 ROLL,5013668440687,888020,£2.59
Co-op White Toilet Roll,https://www.deebee.co.uk/product/id/826903/barcode/5000128966221/co-op-white-toilet-roll,https://www.dbstatic.co.uk/assets/products/small/500012/5000128966221_T0.jpg,12 x 4PK,5000128966221,826903,£2.59
Nicky Elite Toilet Tissue 3 Ply 4 Rolls,https://www.deebee.co.uk/product/id/826818/barcode/8004260001380/nicky-elite-toilet-tissue-3-ply-4-rolls,https://www.dbstatic.co.uk/assets/products/small/800426/8004260001380.jpg,10 x 4ROLL,8004260001380,826818,£2.49
Andrex Complete Clean 6 Rolls £3.99 PMP,https://www.deebee.co.uk/product/id/879287/barcode/5029053581262/andrex-complete-clean-6-rolls-399-pmp,https://www.dbstatic.co.uk/assets/products/small/502905/5029053581262.jpg,4 x 6ROLL,5029053581262,879287,£3.99
Kleenex Extra Large Tissues Compact Twin Pack £2.25 PMP,https://www.deebee.co.uk/product/id/813894/barcode/5029053578378/kleenex-extra-large-tissues-compact-twin-pack-225-pmp,https://www.dbstatic.co.uk/assets/products/small/502905/5029053578378_T0.jpg,6 x 44S,5029053578378,813894,£2.25
Kleenex® Balsam Tissues - 4 boxes - £2.25,https://www.deebee.co.uk/product/id/846400/barcode/5029053583525/kleenex-balsam-tissues-4-boxes-225,https://www.dbstatic.co.uk/assets/products/small/502905/5029053583525.jpg,12 x 64S,5029053583525,846400,£2.25
Kleenex® Balsam Pocket Tissues Single Pack,https://www.deebee.co.uk/product/id/776226/barcode/50375301/kleenex-balsam-pocket-tissues-single-pack,https://www.dbstatic.co.uk/assets/products/small/503753/50375301.jpg,18 x SGL,50375301,776226,£0.49
Local Living Luxury Toilet Tissue PM3.75,https://www.deebee.co.uk/product/id/888043/barcode/5013668440700/local-living-luxury-toilet-tissue-pm375,https://www.dbstatic.co.uk/assets/default/default_sm.jpg,6 x 9 ROLL,5013668440700,888043,£3.75
Local Living Luxury Toilet Tissue PM2.29,https://www.deebee.co.uk/product/id/888037/barcode/5013668440663/local-living-luxury-toilet-tissue-pm229,https://www.dbstatic.co.uk/assets/default/default_sm.jpg,10 x 4 ROLL,5013668440663,888037,£2.29
Kleenex Original Tissues Single Pack,https://www.deebee.co.uk/product/id/812370/barcode/5029053578323/kleenex-original-tissues-single-pack,https://www.dbstatic.co.uk/assets/products/small/502905/5029053578323.jpg,12 x 64S,5029053578323,812370,£1.59
Co-op White Toilet Roll,https://www.deebee.co.uk/product/id/823629/barcode/5000128732895/co-op-white-toilet-roll,https://www.dbstatic.co.uk/assets/products/small/500012/5000128732895_T0.jpg,7 x 9PK,5000128732895,823629,£5.45
Nicky 12 Soft Touch Toilet Tissue,https://www.deebee.co.uk/product/id/826824/barcode/8004260452649/nicky-12-soft-touch-toilet-tissue,https://www.dbstatic.co.uk/assets/products/small/800426/8004260452649.jpg,5 x 12ROLL,8004260452649,826824,£4.75
Local Living Ultimate Xl Kitchen Towel PM2.19,https://www.deebee.co.uk/product/id/888066/barcode/5013668440724/local-living-ultimate-xl-kitchen-towel-pm219,https://www.dbstatic.co.uk/assets/default/default_sm.jpg,12 x 1 ROLL,5013668440724,888066,£2.19
Flash All-Purpose Roll Everyday Essential Sheets,https://www.deebee.co.uk/product/id/889800/barcode/5060409361596/flash-all-purpose-roll-everyday-essential-sheets,https://www.dbstatic.co.uk/assets/products/small/506040/5060409361596.jpg,6 x 1PK,5060409361596,889800,£3.25
Kleenex Extra Large Compact Tissues Compact Twin Pack,https://www.deebee.co.uk/product/id/708421/barcode/5029053565873/kleenex-extra-large-compact-tissues-compact-twin-pack,https://www.dbstatic.co.uk/assets/products/small/502905/5029053565873.jpg,12 x 44S,5029053565873,708421,£2.50
Co-op Ultra Soft Tissues 3ply,https://www.deebee.co.uk/product/id/865676/barcode/5000128956956/co-op-ultra-soft-tissues-3ply,https://www.dbstatic.co.uk/assets/products/small/500012/5000128956956_T0.jpg,16 x 72S,5000128956956,865676,£1.99
Local Living Soft Facial Tissues PM1.25,https://www.deebee.co.uk/product/id/888072/barcode/5013668440762/local-living-soft-facial-tissues-pm125,https://www.dbstatic.co.uk/assets/default/default_sm.jpg,12 x BOX,5013668440762,888072,£1.25
Andrex® ULTIMATE FRESH Hygiene Wipes Odour Control Moist Toilet Tissue Multipack (4 x 36 sheets),https://www.deebee.co.uk/product/id/832017/barcode/5029054238127/andrex_ultimate_fresh_hygiene_wipes_odour_control_moist_toilet_tissue_multipack_4_x_36_sheets,https://www.dbstatic.co.uk/assets/products/small/502905/5029054238127.jpg,4 x 36S,5029054238127,832017,£1.99
Co-op Kitchen Roll White,https://www.deebee.co.uk/product/id/885780/barcode/5000129304022/co-op-kitchen-roll-white,https://www.dbstatic.co.uk/assets/default/default_sm.jpg,10 x 2ROLL,5000129304022,885780,£3.09
Co-op Ultra Soft Tissues 3ply,https://www.deebee.co.uk/product/id/904037/barcode/5000128956956/co-op-ultra-soft-tissues-3ply,https://www.dbstatic.co.uk/assets/products/small/500012/5000128956956_T0.jpg,24 x 72S,5000128956956,904037,£2.09
Lynx Aerosol Body Spray Gold 200 ml,https://www.deebee.co.uk/product/id/855282/barcode/8720181369599/lynx-aerosol-body-spray-gold-200-ml,https://www.dbstatic.co.uk/assets/products/small/872018/8720181369599.jpg,6 x 200ML,8720181369599,855282,£3.99
Lynx Aerosol Body Spray Africa 200 ml,https://www.deebee.co.uk/product/id/855276/barcode/8720181351303/lynx-aerosol-body-spray-africa-200-ml,https://www.dbstatic.co.uk/assets/products/small/872018/8720181351303.jpg,6 x 200ML,8720181351303,855276,£3.99
Lynx Anti-Perspirant Aerosol Africa 200 ml,https://www.deebee.co.uk/product/id/855260/barcode/8720181351310/lynx-anti-perspirant-aerosol-africa-200-ml,https://www.dbstatic.co.uk/assets/products/small/872018/8720181351310.jpg,6 x 200ML,8720181351310,855260,£3.99
Sure Anti-Perspirant Aerosol Cotton Dry 150 ml,https://www.deebee.co.uk/product/id/752714/barcode/8717163545324/sure-anti-perspirant-aerosol-cotton-dry-150-ml,https://www.dbstatic.co.uk/assets/products/small/871716/8717163545324.jpg,6 x 150ML,8717163545324,752714,£1.99
Sure Women Anti-Perspirant Aerosol Bright Bouquet 150 ml,https://www.deebee.co.uk/product/id/752708/barcode/8710908799228/sure-women-anti-perspirant-aerosol-bright-bouquet-150-ml,https://www.dbstatic.co.uk/assets/products/small/871090/8710908799228.jpg,6 x 150ML,8710908799228,752708,£1.99
Right Guard Deodorant Men Fresh 48H High Performance Anti-Perspirant Spray 150ml,https://www.deebee.co.uk/product/id/883480/barcode/5012583200802/right-guard-deodorant-men-fresh-48h-high-performance-anti-perspirant-spray-150ml,https://www.dbstatic.co.uk/assets/products/small/501258/5012583200802_T0.jpg,6 x 150ML,5012583200802,883480,£1.89
Sure Men Anti-Perspirant Roll On Original 50 ml,https://www.deebee.co.uk/product/id/480347/barcode/59095712/sure-men-anti-perspirant-roll-on-original-50-ml,https://www.dbstatic.co.uk/assets/products/small/590957/59095712.jpg,6 x 50ML,59095712,480347,£2.49
Dove Anti-Perspirant Roll On Classic 50 ml,https://www.deebee.co.uk/product/id/360471/barcode/59095361/dove-anti-perspirant-roll-on-classic-50-ml,https://www.dbstatic.co.uk/assets/products/small/590953/59095361.jpg,6 x 50ML,59095361,360471,£2.79
Soft & Gentle Spray Fresh Blossom PM1.99,https://www.deebee.co.uk/product/id/854959/barcode/5012008753104/soft-gentle-spray-fresh-blossom-pm199,https://www.dbstatic.co.uk/assets/default/default_sm.jpg,6 x 150ML,5012008753104,854959,£1.99
Right Guard Deodorant Men Sport 48H High Performance Anti-Perspirant Spray 150ml,https://www.deebee.co.uk/product/id/883496/barcode/5012583200796/right-guard-deodorant-men-sport-48h-high-performance-anti-perspirant-spray-150ml,https://www.dbstatic.co.uk/assets/products/small/501258/5012583200796_T0.jpg,6 x 150ML,5012583200796,883496,£1.89
Impulse Tease PM1.29,https://www.deebee.co.uk/product/id/818928/barcode/5031468213812/impulse-tease-pm129,https://www.dbstatic.co.uk/assets/products/small/505502/5055028389182_T0.jpg,6 x 75ML,5031468213812,818928,£1.29
Soft & Gentle Spray Cotton Touch PM1.99,https://www.deebee.co.uk/product/id/854942/barcode/5012008753005/soft-gentle-spray-cotton-touch-pm199,https://www.dbstatic.co.uk/assets/default/default_sm.jpg,6 x 150ML,5012008753005,854942,£1.99
Impulse True Love PM1.29,https://www.deebee.co.uk/product/id/818934/barcode/5031468213799/impulse-true-love-pm129,https://www.dbstatic.co.uk/assets/products/small/505502/5055028389205_T0.jpg,6 x 75ML,5031468213799,818934,£1.29
Soft & Gentle Spray Orchid Desire PM1.99,https://www.deebee.co.uk/product/id/854965/barcode/5012008753203/soft-gentle-spray-orchid-desire-pm199,https://www.dbstatic.co.uk/assets/default/default_sm.jpg,6 x 150ML,5012008753203,854965,£1.99
"Right Guard Xtreme Women 72h Invisible Antiperspirant Deodorant, 150ml",https://www.deebee.co.uk/product/id/883473/barcode/5012583203285/right-guard-xtreme-women-72h-invisible-antiperspirant-deodorant-150ml,https://www.dbstatic.co.uk/assets/products/small/501258/5012583203285_T0.jpg,6 x 150ML,5012583203285,883473,£1.89
Impulse Ella Toone Very Pink 75ml,https://www.deebee.co.uk/product/id/440490/barcode/8711600323520/impulse-ella-toone-very-pink-75ml,https://www.dbstatic.co.uk/assets/products/small/871160/8711600323520.jpg,6 x 75ML,8711600323520,440490,£1.29
"Right Guard Men 48h Sport Antiperspirant Deodorant, 250ml",https://www.deebee.co.uk/product/id/883450/barcode/5012583200680/right-guard-men-48h-sport-antiperspirant-deodorant-250ml,https://www.dbstatic.co.uk/assets/products/small/501258/5012583200680_T0.jpg,6 x 250ML,5012583200680,883450,£2.69
Impulse Body Spray Into Glamour 75 ml,https://www.deebee.co.uk/product/id/440504/barcode/8718114233000/impulse-body-spray-into-glamour-75-ml,https://www.dbstatic.co.uk/assets/products/small/871811/8718114233000.jpg,6 x 75ML,8718114233000,440504,£1.29
"Right Guard Women 48h Invisible Antiperspirant Deodorant, 250ml",https://www.deebee.co.uk/product/id/883467/barcode/5012583200758/right-guard-women-48h-invisible-antiperspirant-deodorant-250ml,https://www.dbstatic.co.uk/assets/products/small/501258/5012583200758_T0.jpg,6 x 250ML,5012583200758,883467,£2.69
"Right Guard Men 48h Fresh Antiperspirant Deodorant, 250ml",https://www.deebee.co.uk/product/id/883444/barcode/5012583200789/right-guard-men-48h-fresh-antiperspirant-deodorant-250ml,https://www.dbstatic.co.uk/assets/products/small/501258/5012583200789_T0.jpg,6 x 250ML,5012583200789,883444,£2.69
Impulse Ella Toone Tease 75ml,https://www.deebee.co.uk/product/id/355679/barcode/8717163020524/impulse-ella-toone-tease-75ml,https://www.dbstatic.co.uk/assets/products/small/871716/8717163020524.jpg,6 x 75ML,8717163020524,355679,£1.29
Impulse Limited Edition True Love Body Spray 75ml,https://www.deebee.co.uk/product/id/601157/barcode/8717644367209/impulse-limited-edition-true-love-body-spray-75ml,https://www.dbstatic.co.uk/assets/products/small/871764/8717644367209.jpg,6 x 75ML,8717644367209,601157,£1.29
Pampers Sensitive Baby Wet Wipes x52,https://www.deebee.co.uk/product/id/834188/barcode/8006540836194/pampers-sensitive-baby-wet-wipes-x52,https://www.dbstatic.co.uk/assets/products/small/800654/8006540836194.jpg,12 x 52S,8006540836194,834188,£1.29
"Pampers Baby-Dry Size 6, 19 Nappies, 13kg-18kg",https://www.deebee.co.uk/product/id/827112/barcode/8006540827338/pampers-baby-dry-size-6-19-nappies-13kg-18kg,https://www.dbstatic.co.uk/assets/products/small/800654/8006540827338.jpg,4 x 19S,8006540827338,827112,£6.49
"Pampers Baby-Dry Nappy Pants Size 6, 19 Nappies, 14kg-19kg",https://www.deebee.co.uk/product/id/827062/barcode/8006540825327/pampers-baby-dry-nappy-pants-size-6-19-nappies-14kg-19kg,https://www.dbstatic.co.uk/assets/products/small/800654/8006540825327.jpg,4 x 19S,8006540825327,827062,£6.49
Co-op Fragrance Free Baby Wipes,https://www.deebee.co.uk/product/id/807412/barcode/5000129307917/co-op-fragrance-free-baby-wipes,https://www.dbstatic.co.uk/assets/products/small/500012/5000129307917_T0.jpg,22 x 64S,5000129307917,807412,£1.00
"Pampers Baby-Dry Size 5, 23 Nappies, 11kg-16kg",https://www.deebee.co.uk/product/id/827106/barcode/8006540827307/pampers-baby-dry-size-5-23-nappies-11kg-16kg,https://www.dbstatic.co.uk/assets/products/small/800654/8006540827307.jpg,4 x 23S,8006540827307,827106,£6.49
JOHNSON'S® Baby Cotton Buds 100 Buds,https://www.deebee.co.uk/product/id/806500/barcode/3574661440460/johnsons-baby-cotton-buds-100-buds,https://www.dbstatic.co.uk/assets/products/small/357466/3574661440460.jpg,12 x 100S,3574661440460,806500,£1.49
"Pampers Baby-Dry Size 3, 30 Nappies, 6kg-10kg",https://www.deebee.co.uk/product/id/827079/barcode/8006540827215/pampers-baby-dry-size-3-30-nappies-6kg-10kg,https://www.dbstatic.co.uk/assets/products/small/800654/8006540827215.jpg,4 x 30S,8006540827215,827079,£6.49
Sudocrem Antiseptic Healing Nappy Cream 60g,https://www.deebee.co.uk/product/id/876046/barcode/5017007601333/sudocrem-antiseptic-healing-nappy-cream-60g,https://www.dbstatic.co.uk/assets/products/small/501700/5017007601333.jpg,6 x 60GM,5017007601333,876046,£4.49
Pampers Harmonie Aqua Baby Wipes PM2.50,https://www.deebee.co.uk/product/id/854790/barcode/5056267003136/pampers-harmonie-aqua-baby-wipes-pm250,https://www.dbstatic.co.uk/assets/products/small/505626/5056267003136_T0.jpg,14 x 48S,5056267003136,854790,£2.50
"Pampers Baby-Dry Nappy Pants Size 5, 21 Nappies, 12kg-17kg",https://www.deebee.co.uk/product/id/827056/barcode/8006540825297/pampers-baby-dry-nappy-pants-size-5-21-nappies-12kg-17kg,https://www.dbstatic.co.uk/assets/products/small/800654/8006540825297.jpg,4 x 21S,8006540825297,827056,£6.49
Little Heroes Baby Wipes PM89p,https://www.deebee.co.uk/product/id/890547/barcode/5017289002538/little-heroes-baby-wipes-pm89p,https://www.dbstatic.co.uk/assets/default/default_sm.jpg,12 x 54S,5017289002538,890547,£0.89
"Pampers Baby-Dry Size 4, 25 Nappies, 9kg-14kg",https://www.deebee.co.uk/product/id/827085/barcode/8006540827277/pampers-baby-dry-size-4-25-nappies-9kg-14kg,https://www.dbstatic.co.uk/assets/products/small/800654/8006540827277.jpg,4 x 25S,8006540827277,827085,£6.49
JOHNSON'S® Baby Oil 200ml,https://www.deebee.co.uk/product/id/860401/barcode/3574669909594/johnsons-baby-oil-200ml,https://www.dbstatic.co.uk/assets/products/small/357466/3574669909594.jpg,6 x 200ML,3574669909594,860401,£1.75
"Huggies® Pure Baby Wipes PMP - 6 Pack (56 Wipes/Pack, 336 Wipes Total)",https://www.deebee.co.uk/product/id/883001/barcode/5029053550329/huggies-pure-baby-wipes-pmp-6-pack-56-wipespack-336-wipes-total,https://www.dbstatic.co.uk/assets/products/small/502905/5029053550329.jpg,8 x 56S,5029053550329,883001,£1.00
JOHNSON'S® Baby Powder 200g,https://www.deebee.co.uk/product/id/150750/barcode/3574669908252/johnsons-baby-powder-200g,https://www.dbstatic.co.uk/assets/products/small/357466/3574669908252.jpg,6 x 200GM,3574669908252,150750,£2.19
JOHNSON'S® Baby Lotion 300ml,https://www.deebee.co.uk/product/id/861517/barcode/3574669908085/johnsons-baby-lotion-300ml,https://www.dbstatic.co.uk/assets/products/small/357466/3574669908085.jpg,6 x 300ML,3574669908085,861517,£1.99
Johnson's Baby Shampoo Without Dyes Sulphates & Soap 300 ml,https://www.deebee.co.uk/product/id/887489/barcode/3574669907873/johnsons-baby-shampoo-without-dyes-sulphates-soap-300-ml,https://www.dbstatic.co.uk/assets/default/default_sm.jpg,6 x 300ML,3574669907873,887489,£2.19
Milton 28 Sterilising Tablets 112g,https://www.deebee.co.uk/product/id/756237/barcode/5010527585169/milton-28-sterilising-tablets-112g,https://www.dbstatic.co.uk/assets/products/small/501052/5010527585169.jpg,6 x 28S,5010527585169,756237,£3.99
Co-op Nappy Bags,https://www.deebee.co.uk/product/id/817359/barcode/5000128814973/co-op-nappy-bags,https://www.dbstatic.co.uk/assets/products/small/500012/5000128814973_T0.jpg,12 x 75S,5000128814973,817359,£1.25
Johnson's Baby Bath Reg 300ml,https://www.deebee.co.uk/product/id/887472/barcode/3574669908535/johnsons-baby-bath-reg-300ml,https://www.dbstatic.co.uk/assets/default/default_sm.jpg,6 x 300ML,3574669908535,887472,£2.19
Safewrap Nappy Sacks,https://www.deebee.co.uk/product/id/817336/barcode/5011302113300/safewrap-nappy-sacks,https://www.dbstatic.co.uk/assets/products/small/501130/5011302113300_T0.jpg,6 x 50S,5011302113300,817336,£1.69
Colgate Triple Action Toothpaste 75ml,https://www.deebee.co.uk/product/id/842554/barcode/8718951608030/colgate-triple-action-toothpaste-75ml,https://www.dbstatic.co.uk/assets/products/small/871895/8718951608030.jpg,12 x 75ML,8718951608030,842554,£1.00
Colgate Toothpaste Total PM2.50,https://www.deebee.co.uk/product/id/890235/barcode/5056267008193/colgate-toothpaste-total-pm250,https://www.dbstatic.co.uk/assets/default/default_sm.jpg,6 x 75ML,5056267008193,890235,£2.50
Fixodent Complete Fresh,https://www.deebee.co.uk/product/id/890894/barcode/8700216596893/fixodent-complete-fresh,https://www.dbstatic.co.uk/assets/products/small/870021/8700216596893.jpg,12 x 47GM,8700216596893,890894,£3.49
Colgate Toothbrush Triple Pack PM1.49,https://www.deebee.co.uk/product/id/822854/barcode/5055028388253/colgate-toothbrush-triple-pack-pm149,https://www.dbstatic.co.uk/assets/products/small/505502/5055028388253_T0.jpg,6 x 3PK,5055028388253,822854,£1.49
Colgate Medium Toothbrush,https://www.deebee.co.uk/product/id/825906/barcode/5055028388222/colgate-medium-toothbrush,https://www.dbstatic.co.uk/assets/products/small/505502/5055028388222.jpg,6 x SGL,5055028388222,825906,£1.00
Colgate White Teeth Whitening Toothpaste 75ml,https://www.deebee.co.uk/product/id/882164/barcode/8718951608061/colgate-white-teeth-whitening-toothpaste-75ml,https://www.dbstatic.co.uk/assets/products/small/871895/8718951608061.jpg,12 x 75ML,8718951608061,882164,£1.00
Colgate Plax Cool Mint 250ml PMP £1.49,https://www.deebee.co.uk/product/id/723193/barcode/5055028349193/colgate-plax-cool-mint-250ml-pmp-149,https://www.dbstatic.co.uk/assets/products/small/505502/5055028349193.jpg,6 x 250ML,5055028349193,723193,£1.49
Colgate Plax Soft Mint 250ml PMP £1.49,https://www.deebee.co.uk/product/id/722390/barcode/5055028348882/colgate-plax-soft-mint-250ml-pmp-149,https://www.dbstatic.co.uk/assets/products/small/505502/5055028348882.jpg,6 x 250ML,5055028348882,722390,£1.49
Colgate Adv Whitening Charcoal PM2.50,https://www.deebee.co.uk/product/id/890389/barcode/5056267008179/colgate-adv-whitening-charcoal-pm250,https://www.dbstatic.co.uk/assets/default/default_sm.jpg,6 x 75ML,5056267008179,890389,£2.50
Listerine Essentials Cool Mint Mouthwash 250ml,https://www.deebee.co.uk/product/id/758810/barcode/5010123703509/listerine-essentials-cool-mint-mouthwash-250ml,https://www.dbstatic.co.uk/assets/products/small/501012/5010123703509.jpg,6 x 250ML,5010123703509,758810,£2.69
Aquafresh Triple Protection,https://www.deebee.co.uk/product/id/855050/barcode/5054563180209/aquafresh-triple-protection,https://www.dbstatic.co.uk/assets/products/small/505456/5054563180209_T0.jpg,12 x 100ML,5054563180209,855050,£1.29
Colgate Advanced White Charcoal Fluoride Toothpaste 75ml PMP £2.00,https://www.deebee.co.uk/product/id/765509/barcode/5056267000852/colgate-advanced-white-charcoal-fluoride-toothpaste-75ml-pmp-200,https://www.dbstatic.co.uk/assets/products/small/505626/5056267000852.jpg,6 x 75ML,5056267000852,765509,£2.00
Steradent Active Plus 30 Tablets,https://www.deebee.co.uk/product/id/882040/barcode/5011417566312/steradent-active-plus-30-tablets,https://www.dbstatic.co.uk/assets/products/small/501141/5011417566312.jpg,12 x 30S,5011417566312,882040,£1.69
Colgate Toothbrush Advanced White PM1.49,https://www.deebee.co.uk/product/id/822860/barcode/5055028388239/colgate-toothbrush-advanced-white-pm149,https://www.dbstatic.co.uk/assets/products/small/505502/5055028388239_T0.jpg,6 x SGL,5055028388239,822860,£1.49
Listerine Essentials Fresh Burst Mouthwash 250ml,https://www.deebee.co.uk/product/id/765521/barcode/5010123703431/listerine-essentials-fresh-burst-mouthwash-250ml,https://www.dbstatic.co.uk/assets/products/small/501012/5010123703431.jpg,6 x 250ML,5010123703431,765521,£2.69
Colgate Max White Toothpaste PM3.00,https://www.deebee.co.uk/product/id/872598/barcode/5056267005055/colgate-max-white-toothpaste-pm300,https://www.dbstatic.co.uk/assets/default/default_sm.jpg,6 x 75ML,5056267005055,872598,£3.00
Listerine Total Care Fluoride Mouthwash Clean Mint 250ml,https://www.deebee.co.uk/product/id/758391/barcode/5010123730215/listerine-total-care-fluoride-mouthwash-clean-mint-250ml,https://www.dbstatic.co.uk/assets/products/small/501012/5010123730215.jpg,6 x 250ML,5010123730215,758391,£2.59
Oral-B Satin Floss Mint 25m,https://www.deebee.co.uk/product/id/880357/barcode/5010622017947/oral-b-satin-floss-mint-25m,https://www.dbstatic.co.uk/assets/products/small/501062/5010622017947.jpg,12 x 25M,5010622017947,880357,£1.39
Aquafresh Active White Toothpaste,https://www.deebee.co.uk/product/id/855066/barcode/5054563180179/aquafresh-active-white-toothpaste,https://www.dbstatic.co.uk/assets/products/small/505456/5054563180179_T0.jpg,12 x 100ML,5054563180179,855066,£1.29
Colgate Toothbrush Compack Black PM1.49,https://www.deebee.co.uk/product/id/822877/barcode/5055028388246/colgate-toothbrush-compack-black-pm149,https://www.dbstatic.co.uk/assets/products/small/505502/5055028388246_T0.jpg,6 x SGL,5055028388246,822877,£1.49
Tampax Compak Regular Tampons With Applicator x18,https://www.deebee.co.uk/product/id/845070/barcode/8700216037952/tampax-compak-regular-tampons-with-applicator-x18,https://www.dbstatic.co.uk/assets/products/small/870021/8700216037952.jpg,6 x 18S,8700216037952,845070,£3.49
Tampax Compak Super Tampons With Applicator x18,https://www.deebee.co.uk/product/id/845107/barcode/8700216037990/tampax-compak-super-tampons-with-applicator-x18,https://www.dbstatic.co.uk/assets/products/small/870021/8700216037990.jpg,6 x 18S,8700216037990,845107,£3.49
Tampax Compak Super Plus Tampons With Applicator x18,https://www.deebee.co.uk/product/id/845086/barcode/8700216038003/tampax-compak-super-plus-tampons-with-applicator-x18,https://www.dbstatic.co.uk/assets/products/small/870021/8700216038003.jpg,6 x 18S,8700216038003,845086,£3.49
Always Ultra Day Sanitary Towels Long (Size 2) With Wings 11 Pads,https://www.deebee.co.uk/product/id/845120/barcode/8700216026307/always-ultra-day-sanitary-towels-long-size-2-with-wings-11-pads,https://www.dbstatic.co.uk/assets/products/small/870021/8700216026307.jpg,4 x 11S,8700216026307,845120,£2.69
Always Ultra Day & Night Pads (S3) Wings x9,https://www.deebee.co.uk/product/id/845136/barcode/8700216026321/always-ultra-day-night-pads-s3-wings-x9,https://www.dbstatic.co.uk/assets/products/small/870021/8700216026321.jpg,4 x 9S,8700216026321,845136,£2.69
Always Ultra Day Pads Normal (S1) Wings x13,https://www.deebee.co.uk/product/id/845113/barcode/8700216026277/always-ultra-day-pads-normal-s1-wings-x13,https://www.dbstatic.co.uk/assets/products/small/870021/8700216026277.jpg,4 x 13S,8700216026277,845113,£2.69
Bodyform Cour-V Ultra Long Sanitary Towels Wings 8 pack,https://www.deebee.co.uk/product/id/854907/barcode/7322541049052/bodyform-cour-v-ultra-long-sanitary-towels-wings-8-pack,https://www.dbstatic.co.uk/assets/products/small/732254/7322541049052.jpg,16 x 8S,7322541049052,854907,£1.49
Bodyform Cour-V Ultra Normal Sanitary Towels Wings 10 pack,https://www.deebee.co.uk/product/id/854913/barcode/7322541048970/bodyform-cour-v-ultra-normal-sanitary-towels-wings-10-pack,https://www.dbstatic.co.uk/assets/products/small/732254/7322541048970.jpg,12 x 10S,7322541048970,854913,£1.49
Bodyform Cour-V Ultra Night Sanitary Towels Wings Value pack,https://www.deebee.co.uk/product/id/854710/barcode/7322542028056/bodyform-cour-v-ultra-night-sanitary-towels-wings-value-pack,https://www.dbstatic.co.uk/assets/products/small/732254/7322542028056.jpg,10 x 8S,7322542028056,854710,£1.49
Bodyform Maxi Normal Sanitary Towels 12 pack,https://www.deebee.co.uk/product/id/854726/barcode/7322542072448/bodyform-maxi-normal-sanitary-towels-12-pack,https://www.dbstatic.co.uk/assets/products/small/732254/7322542072448.jpg,12 x 12S,7322542072448,854726,£1.49
TENA Discreet Normal Incontinence Pads x 12,https://www.deebee.co.uk/product/id/854936/barcode/7322540852066/tena-discreet-normal-incontinence-pads-x-12,https://www.dbstatic.co.uk/assets/products/small/732254/7322540852066.jpg,6 x 12S,7322540852066,854936,£2.99
Co-op Ultra Night Towels With Wings,https://www.deebee.co.uk/product/id/797212/barcode/5000128973502/co-op-ultra-night-towels-with-wings,https://www.dbstatic.co.uk/assets/products/small/500012/5000128973502_T0.jpg,12 x 10S,5000128973502,797212,£1.45
Always Daily Fresh Normal Wrapped Panty Liners 20 Liners,https://www.deebee.co.uk/product/id/881541/barcode/4015400680352/always-daily-fresh-normal-wrapped-panty-liners-20-liners,https://www.dbstatic.co.uk/assets/products/small/401540/4015400680352.jpg,6 x 20S,4015400680352,881541,£1.49
Co-op Super Ultra Towels With Wings,https://www.deebee.co.uk/product/id/796816/barcode/5000128973526/co-op-super-ultra-towels-with-wings,https://www.dbstatic.co.uk/assets/products/small/500012/5000128973526_T0.jpg,12 x 12S,5000128973526,796816,£1.49
Bodyform Dailies Cour-V Black Normal Panty Liners 21 pack,https://www.deebee.co.uk/product/id/854920/barcode/7322541048857/bodyform-dailies-cour-v-black-normal-panty-liners-21-pack,https://www.dbstatic.co.uk/assets/products/small/732254/7322541048857.jpg,10 x 21S,7322541048857,854920,£1.49
Always Discreet Incontinence Pads Women Normal 12 Count,https://www.deebee.co.uk/product/id/882085/barcode/8001090065964/always-discreet-incontinence-pads-women-normal-12-count,https://www.dbstatic.co.uk/assets/products/small/800109/8001090065964.jpg,4 x 12S,8001090065964,882085,£3.59
Co-op Regular Ultra Towels With Wings,https://www.deebee.co.uk/product/id/796960/barcode/5000128973540/co-op-regular-ultra-towels-with-wings,https://www.dbstatic.co.uk/assets/products/small/500012/5000128973540_T0.jpg,12 x 14S,5000128973540,796960,£1.39
TENA Discreet Normal Incontinence Pads 12 Pack,https://www.deebee.co.uk/product/id/323516/barcode/7322540852066/tena-discreet-normal-incontinence-pads-12-pack,https://www.dbstatic.co.uk/assets/products/small/732254/7322540852066.jpg,3 x 12S,7322540852066,323516,£3.79
Gillette Blue II Plus Slalom Disposable Razors x4,https://www.deebee.co.uk/product/id/872575/barcode/8006540858172/gillette-blue-ii-plus-slalom-disposable-razors-x4,https://www.dbstatic.co.uk/assets/products/small/800654/8006540858172.jpg,20 x 4PK,8006540858172,872575,£1.99
Wilkinson Sword Essentials 2 Women's Disposable Razors x5,https://www.deebee.co.uk/product/id/858039/barcode/4027800079520/wilkinson-sword-essentials-2-womens-disposable-razors-x5,https://www.dbstatic.co.uk/assets/products/small/402780/4027800079520.jpg,20 x 5PK,4027800079520,858039,£1.19
"Gillette Classic Sensitive Shave Foam, 200ml",https://www.deebee.co.uk/product/id/293674/barcode/7702018980932/gillette-classic-sensitive-shave-foam-200ml,https://www.dbstatic.co.uk/assets/products/small/770201/7702018980932.jpg,6 x 200ML,7702018980932,293674,£2.49
"Gillette Series Soothing Shave Gel, 200ml",https://www.deebee.co.uk/product/id/880912/barcode/7702018980819/gillette-series-soothing-shave-gel-200ml,https://www.dbstatic.co.uk/assets/products/small/770201/7702018980819.jpg,6 x 200ML,7702018980819,880912,£2.99
Wilkinson Sword Essentials 2 Men's Disposable Razors x 5,https://www.deebee.co.uk/product/id/858022/barcode/4027800079025/wilkinson-sword-essentials-2-mens-disposable-razors-x-5,https://www.dbstatic.co.uk/assets/products/small/402780/4027800079025.jpg,20 x 5PK,4027800079025,858022,£1.19
"Gillette Classic Shave Gel Original Scent, 200ml",https://www.deebee.co.uk/product/id/880906/barcode/7702018980901/gillette-classic-shave-gel-original-scent-200ml,https://www.dbstatic.co.uk/assets/products/small/770201/7702018980901.jpg,6 x 200ML,7702018980901,880906,£2.99
"Gillette Classic Shave Foam Original Scent, 200ml",https://www.deebee.co.uk/product/id/846229/barcode/7702018980925/gillette-classic-shave-foam-original-scent-200ml,https://www.dbstatic.co.uk/assets/products/small/770201/7702018980925.jpg,6 x 200ML,7702018980925,846229,£2.49
Gillette Mach 3 Razors PM5.99,https://www.deebee.co.uk/product/id/869731/barcode/5056267003198/gillette-mach-3-razors-pm599,https://www.dbstatic.co.uk/assets/default/default_sm.jpg,8 x SGL,5056267003198,869731,£5.99
Wilkinson Sword Essentials 2 Sensitive Men's Disposable Razors 5 Pack,https://www.deebee.co.uk/product/id/858045/barcode/4027800348800/wilkinson-sword-essentials-2-sensitive-mens-disposable-razors-5-pack,https://www.dbstatic.co.uk/assets/products/small/402780/4027800348800.jpg,10 x 5PK,4027800348800,858045,£2.19
Simple Biodegradable Wipes PM2.79,https://www.deebee.co.uk/product/id/863721/barcode/5056267003327/simple-biodegradable-wipes-pm279,https://www.dbstatic.co.uk/assets/default/default_sm.jpg,6 x 25S,5056267003327,863721,£2.79
Vaseline Lip Therapy Lip Balm Tin Original 20 g,https://www.deebee.co.uk/product/id/638576/barcode/5099802150117/vaseline-lip-therapy-lip-balm-tin-original-20-g,https://www.dbstatic.co.uk/assets/products/small/509980/5099802150117.jpg,12 x 20GM,5099802150117,638576,£1.59
Vaseline Intensive Care Body Lotion Essential Healing 200 ml,https://www.deebee.co.uk/product/id/644324/barcode/8712561479806/vaseline-intensive-care-body-lotion-essential-healing-200-ml,https://www.dbstatic.co.uk/assets/products/small/871256/8712561479806.jpg,6 x 200ML,8712561479806,644324,£2.99
Vaseline Petroleum Jelly Original 50 ml,https://www.deebee.co.uk/product/id/885301/barcode/42182627/vaseline-petroleum-jelly-original-50-ml,https://www.dbstatic.co.uk/assets/products/small/421826/42182627.jpg,12 x 50GM,42182627,885301,£1.99
Malibu Spf 30 Sun Lotion PM5.99,https://www.deebee.co.uk/product/id/866492/barcode/5025135118050/malibu-spf-30-sun-lotion-pm599,https://www.dbstatic.co.uk/assets/default/default_sm.jpg,6 x 200ML,5025135118050,866492,£5.99
Malibu Spf 50 Sun Lotion PM5.99,https://www.deebee.co.uk/product/id/866507/barcode/5025135113376/malibu-spf-50-sun-lotion-pm599,https://www.dbstatic.co.uk/assets/default/default_sm.jpg,6 x 200ML,5025135113376,866507,£5.99
Malibu Spf 15 Sun Lotion PM5.99,https://www.deebee.co.uk/product/id/866486/barcode/5025135111327/malibu-spf-15-sun-lotion-pm599,https://www.dbstatic.co.uk/assets/default/default_sm.jpg,6 x 200ML,5025135111327,866486,£5.99
Co Op Cotton Wool Pads Fairtrade,https://www.deebee.co.uk/product/id/838952/barcode/5000128766432/co-op-cotton-wool-pads-fairtrade,https://www.dbstatic.co.uk/assets/products/small/500012/5000128766432_T0.jpg,12 x 100GM,5000128766432,838952,£2.85
Malibu Soothing After Sun,https://www.deebee.co.uk/product/id/869681/barcode/5025135112485/malibu-soothing-after-sun,https://www.dbstatic.co.uk/assets/default/default_sm.jpg,6 x 200ML,5025135112485,869681,£3.49
Elastoplast Water Resistant 20 Plasters,https://www.deebee.co.uk/product/id/850444/barcode/4005800042782/elastoplast-water-resistant-20-plasters,https://www.dbstatic.co.uk/assets/products/small/400580/4005800042782.jpg,10 x 20PK,4005800042782,850444,£3.29
Elastoplast Fabric Extra Flexible Breathable 10 Plasters,https://www.deebee.co.uk/product/id/850450/barcode/4005800237522/elastoplast-fabric-extra-flexible-breathable-10-plasters,https://www.dbstatic.co.uk/assets/products/small/400580/4005800237522.jpg,10 x 10PK,4005800237522,850450,£2.99
Co-op Fabric Plasters,https://www.deebee.co.uk/product/id/850421/barcode/5000128796453/co-op-fabric-plasters,https://www.dbstatic.co.uk/assets/products/small/500012/5000128796453_T0.jpg,6 x 40PK,5000128796453,850421,£1.69
Co-op Waterproof Clear Plasters,https://www.deebee.co.uk/product/id/850438/barcode/5000128796484/co-op-waterproof-clear-plasters,https://www.dbstatic.co.uk/assets/products/small/500012/5000128796484_T0.jpg,6 x 40PK,5000128796484,850438,£1.59
Blue Detectable Plasters 75mm X 25mm,https://www.deebee.co.uk/product/id/875003/barcode/5060131885445/blue-detectable-plasters-75mm-x-25mm,https://www.dbstatic.co.uk/assets/products/small/506013/5060131885445_T0.jpg,100 x 100PK,5060131885445,875003,Login Required
Savlon Antiseptic Cream 30g,https://www.deebee.co.uk/product/id/758304/barcode/5011309018011/savlon-antiseptic-cream-30g,https://www.dbstatic.co.uk/assets/products/small/501130/5011309018011.jpg,6 x 30GM,5011309018011,758304,£2.69
Germolene Antiseptic Cream 30g,https://www.deebee.co.uk/product/id/754567/barcode/5010605829017/germolene-antiseptic-cream-30g,https://www.dbstatic.co.uk/assets/products/small/501060/5010605829017.jpg,6 x 30GM,5010605829017,754567,£2.59
Dettol Liquid Antiseptic 500ml,https://www.deebee.co.uk/product/id/810545/barcode/50158089/dettol-liquid-antiseptic-500ml,https://www.dbstatic.co.uk/assets/products/small/501580/50158089.jpg,12 x 500ML,50158089,810545,£4.29
Lypsyl The Original Untinted SPF15,https://www.deebee.co.uk/product/id/800151/barcode/96097274/lypsyl-the-original-untinted-spf15,https://www.dbstatic.co.uk/assets/products/small/960972/96097274.jpg,9 x EACH,96097274,800151,£1.99
Enliven Nail Polish Remover PM1.00,https://www.deebee.co.uk/product/id/792846/barcode/5055028301306/enliven-nail-polish-remover-pm100,https://www.dbstatic.co.uk/assets/products/small/505502/5055028301306_T0.jpg,12 x 150ML,5055028301306,792846,£1.00
Elastoplast Water Resistant 20 Plasters,https://www.deebee.co.uk/product/id/850444/barcode/4005800042782/elastoplast-water-resistant-20-plasters,https://www.dbstatic.co.uk/assets/products/small/400580/4005800042782.jpg,10 x 20PK,4005800042782,850444,£3.29
Elastoplast Fabric Extra Flexible Breathable 10 Plasters,https://www.deebee.co.uk/product/id/850450/barcode/4005800237522/elastoplast-fabric-extra-flexible-breathable-10-plasters,https://www.dbstatic.co.uk/assets/products/small/400580/4005800237522.jpg,10 x 10PK,4005800237522,850450,£2.99
Co-op Fabric Plasters,https://www.deebee.co.uk/product/id/850421/barcode/5000128796453/co-op-fabric-plasters,https://www.dbstatic.co.uk/assets/products/small/500012/5000128796453_T0.jpg,6 x 40PK,5000128796453,850421,£1.69
Co-op Waterproof Clear Plasters,https://www.deebee.co.uk/product/id/850438/barcode/5000128796484/co-op-waterproof-clear-plasters,https://www.dbstatic.co.uk/assets/products/small/500012/5000128796484_T0.jpg,6 x 40PK,5000128796484,850438,£1.59
Blue Detectable Plasters 75mm X 25mm,https://www.deebee.co.uk/product/id/875003/barcode/5060131885445/blue-detectable-plasters-75mm-x-25mm,https://www.dbstatic.co.uk/assets/products/small/506013/5060131885445_T0.jpg,100 x 100PK,5060131885445,875003,Login Required
Savlon Antiseptic Cream 30g,https://www.deebee.co.uk/product/id/758304/barcode/5011309018011/savlon-antiseptic-cream-30g,https://www.dbstatic.co.uk/assets/products/small/501130/5011309018011.jpg,6 x 30GM,5011309018011,758304,£2.69
Germolene Antiseptic Cream 30g,https://www.deebee.co.uk/product/id/754567/barcode/5010605829017/germolene-antiseptic-cream-30g,https://www.dbstatic.co.uk/assets/products/small/501060/5010605829017.jpg,6 x 30GM,5010605829017,754567,£2.59
Dettol Liquid Antiseptic 500ml,https://www.deebee.co.uk/product/id/810545/barcode/50158089/dettol-liquid-antiseptic-500ml,https://www.dbstatic.co.uk/assets/products/small/501580/50158089.jpg,12 x 500ML,50158089,810545,£4.29
Lypsyl The Original Untinted SPF15,https://www.deebee.co.uk/product/id/800151/barcode/96097274/lypsyl-the-original-untinted-spf15,https://www.dbstatic.co.uk/assets/products/small/960972/96097274.jpg,9 x EACH,96097274,800151,£1.99
Enliven Nail Polish Remover PM1.00,https://www.deebee.co.uk/product/id/792846/barcode/5055028301306/enliven-nail-polish-remover-pm100,https://www.dbstatic.co.uk/assets/products/small/505502/5055028301306_T0.jpg,12 x 150ML,5055028301306,792846,£1.00
Elastoplast Water Resistant 20 Plasters,https://www.deebee.co.uk/product/id/850444/barcode/4005800042782/elastoplast-water-resistant-20-plasters,https://www.dbstatic.co.uk/assets/products/small/400580/4005800042782.jpg,10 x 20PK,4005800042782,850444,£3.29
Elastoplast Fabric Extra Flexible Breathable 10 Plasters,https://www.deebee.co.uk/product/id/850450/barcode/4005800237522/elastoplast-fabric-extra-flexible-breathable-10-plasters,https://www.dbstatic.co.uk/assets/products/small/400580/4005800237522.jpg,10 x 10PK,4005800237522,850450,£2.99
Co-op Fabric Plasters,https://www.deebee.co.uk/product/id/850421/barcode/5000128796453/co-op-fabric-plasters,https://www.dbstatic.co.uk/assets/products/small/500012/5000128796453_T0.jpg,6 x 40PK,5000128796453,850421,£1.69
Co-op Waterproof Clear Plasters,https://www.deebee.co.uk/product/id/850438/barcode/5000128796484/co-op-waterproof-clear-plasters,https://www.dbstatic.co.uk/assets/products/small/500012/5000128796484_T0.jpg,6 x 40PK,5000128796484,850438,£1.59
Blue Detectable Plasters 75mm X 25mm,https://www.deebee.co.uk/product/id/875003/barcode/5060131885445/blue-detectable-plasters-75mm-x-25mm,https://www.dbstatic.co.uk/assets/products/small/506013/5060131885445_T0.jpg,100 x 100PK,5060131885445,875003,Login Required
Savlon Antiseptic Cream 30g,https://www.deebee.co.uk/product/id/758304/barcode/5011309018011/savlon-antiseptic-cream-30g,https://www.dbstatic.co.uk/assets/products/small/501130/5011309018011.jpg,6 x 30GM,5011309018011,758304,£2.69
Germolene Antiseptic Cream 30g,https://www.deebee.co.uk/product/id/754567/barcode/5010605829017/germolene-antiseptic-cream-30g,https://www.dbstatic.co.uk/assets/products/small/501060/5010605829017.jpg,6 x 30GM,5010605829017,754567,£2.59
Dettol Liquid Antiseptic 500ml,https://www.deebee.co.uk/product/id/810545/barcode/50158089/dettol-liquid-antiseptic-500ml,https://www.dbstatic.co.uk/assets/products/small/501580/50158089.jpg,12 x 500ML,50158089,810545,£4.29
Lypsyl The Original Untinted SPF15,https://www.deebee.co.uk/product/id/800151/barcode/96097274/lypsyl-the-original-untinted-spf15,https://www.dbstatic.co.uk/assets/products/small/960972/96097274.jpg,9 x EACH,96097274,800151,£1.99
Enliven Nail Polish Remover PM1.00,https://www.deebee.co.uk/product/id/792846/barcode/5055028301306/enliven-nail-polish-remover-pm100,https://www.dbstatic.co.uk/assets/products/small/505502/5055028301306_T0.jpg,12 x 150ML,5055028301306,792846,£1.00
Elastoplast Water Resistant 20 Plasters,https://www.deebee.co.uk/product/id/850444/barcode/4005800042782/elastoplast-water-resistant-20-plasters,https://www.dbstatic.co.uk/assets/products/small/400580/4005800042782.jpg,10 x 20PK,4005800042782,850444,£3.29
Elastoplast Fabric Extra Flexible Breathable 10 Plasters,https://www.deebee.co.uk/product/id/850450/barcode/4005800237522/elastoplast-fabric-extra-flexible-breathable-10-plasters,https://www.dbstatic.co.uk/assets/products/small/400580/4005800237522.jpg,10 x 10PK,4005800237522,850450,£2.99
Co-op Fabric Plasters,https://www.deebee.co.uk/product/id/850421/barcode/5000128796453/co-op-fabric-plasters,https://www.dbstatic.co.uk/assets/products/small/500012/5000128796453_T0.jpg,6 x 40PK,5000128796453,850421,£1.69
Co-op Waterproof Clear Plasters,https://www.deebee.co.uk/product/id/850438/barcode/5000128796484/co-op-waterproof-clear-plasters,https://www.dbstatic.co.uk/assets/products/small/500012/5000128796484_T0.jpg,6 x 40PK,5000128796484,850438,£1.59
Blue Detectable Plasters 75mm X 25mm,https://www.deebee.co.uk/product/id/875003/barcode/5060131885445/blue-detectable-plasters-75mm-x-25mm,https://www.dbstatic.co.uk/assets/products/small/506013/5060131885445_T0.jpg,100 x 100PK,5060131885445,875003,Login Required
Savlon Antiseptic Cream 30g,https://www.deebee.co.uk/product/id/758304/barcode/5011309018011/savlon-antiseptic-cream-30g,https://www.dbstatic.co.uk/assets/products/small/501130/5011309018011.jpg,6 x 30GM,5011309018011,758304,£2.69
Germolene Antiseptic Cream 30g,https://www.deebee.co.uk/product/id/754567/barcode/5010605829017/germolene-antiseptic-cream-30g,https://www.dbstatic.co.uk/assets/products/small/501060/5010605829017.jpg,6 x 30GM,5010605829017,754567,£2.59
Dettol Liquid Antiseptic 500ml,https://www.deebee.co.uk/product/id/810545/barcode/50158089/dettol-liquid-antiseptic-500ml,https://www.dbstatic.co.uk/assets/products/small/501580/50158089.jpg,12 x 500ML,50158089,810545,£4.29
Lypsyl The Original Untinted SPF15,https://www.deebee.co.uk/product/id/800151/barcode/96097274/lypsyl-the-original-untinted-spf15,https://www.dbstatic.co.uk/assets/products/small/960972/96097274.jpg,9 x EACH,96097274,800151,£1.99
Enliven Nail Polish Remover PM1.00,https://www.deebee.co.uk/product/id/792846/barcode/5055028301306/enliven-nail-polish-remover-pm100,https://www.dbstatic.co.uk/assets/products/small/505502/5055028301306_T0.jpg,12 x 150ML,5055028301306,792846,£1.00
Elastoplast Water Resistant 20 Plasters,https://www.deebee.co.uk/product/id/850444/barcode/4005800042782/elastoplast-water-resistant-20-plasters,https://www.dbstatic.co.uk/assets/products/small/400580/4005800042782.jpg,10 x 20PK,4005800042782,850444,£3.29
Elastoplast Fabric Extra Flexible Breathable 10 Plasters,https://www.deebee.co.uk/product/id/850450/barcode/4005800237522/elastoplast-fabric-extra-flexible-breathable-10-plasters,https://www.dbstatic.co.uk/assets/products/small/400580/4005800237522.jpg,10 x 10PK,4005800237522,850450,£2.99
Co-op Fabric Plasters,https://www.deebee.co.uk/product/id/850421/barcode/5000128796453/co-op-fabric-plasters,https://www.dbstatic.co.uk/assets/products/small/500012/5000128796453_T0.jpg,6 x 40PK,5000128796453,850421,£1.69
Co-op Waterproof Clear Plasters,https://www.deebee.co.uk/product/id/850438/barcode/5000128796484/co-op-waterproof-clear-plasters,https://www.dbstatic.co.uk/assets/products/small/500012/5000128796484_T0.jpg,6 x 40PK,5000128796484,850438,£1.59
Blue Detectable Plasters 75mm X 25mm,https://www.deebee.co.uk/product/id/875003/barcode/5060131885445/blue-detectable-plasters-75mm-x-25mm,https://www.dbstatic.co.uk/assets/products/small/506013/5060131885445_T0.jpg,100 x 100PK,5060131885445,875003,Login Required
Savlon Antiseptic Cream 30g,https://www.deebee.co.uk/product/id/758304/barcode/5011309018011/savlon-antiseptic-cream-30g,https://www.dbstatic.co.uk/assets/products/small/501130/5011309018011.jpg,6 x 30GM,5011309018011,758304,£2.69
Germolene Antiseptic Cream 30g,https://www.deebee.co.uk/product/id/754567/barcode/5010605829017/germolene-antiseptic-cream-30g,https://www.dbstatic.co.uk/assets/products/small/501060/5010605829017.jpg,6 x 30GM,5010605829017,754567,£2.59
Dettol Liquid Antiseptic 500ml,https://www.deebee.co.uk/product/id/810545/barcode/50158089/dettol-liquid-antiseptic-500ml,https://www.dbstatic.co.uk/assets/products/small/501580/50158089.jpg,12 x 500ML,50158089,810545,£4.29
Lypsyl The Original Untinted SPF15,https://www.deebee.co.uk/product/id/800151/barcode/96097274/lypsyl-the-original-untinted-spf15,https://www.dbstatic.co.uk/assets/products/small/960972/96097274.jpg,9 x EACH,96097274,800151,£1.99
Enliven Nail Polish Remover PM1.00,https://www.deebee.co.uk/product/id/792846/barcode/5055028301306/enliven-nail-polish-remover-pm100,https://www.dbstatic.co.uk/assets/products/small/505502/5055028301306_T0.jpg,12 x 150ML,5055028301306,792846,£1.00
